{"cameraMode":{"drawMode":0,"name":"Shaded","section":"Shading Mode"},"sceneLighting":true,"audioPlay":false,"sceneViewState":{"showFog":true,"showMaterialUpdate":false,"showSkybox":true,"showFlares":true,"showImageEffects":true,"showParticleSystems":true,"showVisualEffectGraphs":true,"m_FxEnabled":true},"in2DMode":false,"pivot":{"x":340.7148132324219,"y":157.4796600341797,"z":-48.152347564697269},"rotation":{"x":-0.008664618246257306,"y":-0.06445768475532532,"z":-0.0006545119686052203,"w":0.9979402422904968},"size":272.18988037109377,"orthographic":true}